entity_id,seeAlso
2908959513,https://uts-ws.mln.nih.gov/rest/content/2018AA/AUI/A28142818
2910850532,https://www.thefreedictionary.com/Cyclic+alkane
2908815675,https://uts-ws.mln.nih.gov/rest/content/2018AA/AUI/A27408572
2908885754,https://uts-ws.mln.nih.gov/rest/content/2018AA/AUI/A2781577
2909327494,https://uts-ws.mln.nih.gov/rest/content/2018AA/AUI/A17539215
2909036125,https://uts-ws.mln.nih.gov/rest/content/2018AA/AUI/A26801253
2776484175,http://en.wikipedia.org/wiki/Acanthemblemaria_castroi
2780505551,http://en.wikipedia.org/wiki/Bryonia
2909390620,https://uts-ws.mln.nih.gov/rest/content/2018AA/AUI/A26745180
2910912557,https://uts-ws.mln.nih.gov/rest/content/2018AA/AUI/A19223351
2910685832,https://uts-ws.mln.nih.gov/rest/content/2018AA/AUI/A3020750
2909041213,https://uts-ws.mln.nih.gov/rest/content/2018AA/AUI/A17473201
2778158451,http://en.wikipedia.org/wiki/Bertholdia
2909592574,https://uts-ws.mln.nih.gov/rest/content/2018AA/AUI/A12883002
2908863500,https://uts-ws.mln.nih.gov/rest/content/2018AA/AUI/A2197601
2778895530,http://en.wikipedia.org/wiki/Portea_grandiflora
2780322753,http://en.wikipedia.org/wiki/TAAR5
2778139197,http://en.wikipedia.org/wiki/Epermenia_insecurella
2911026975,https://uts-ws.mln.nih.gov/rest/content/2018AA/AUI/A2731635
2909510146,https://uts-ws.mln.nih.gov/rest/content/2018AA/AUI/A23900103
2910834088,http://www.thehouseholdacademy.com/dust-pollution-and-particle-pollution-affect-health/
2908585928,https://uts-ws.mln.nih.gov/rest/content/2018AA/AUI/A8054979
2776091828,http://en.wikipedia.org/wiki/Cremnomys
2910578561,https://en.wikipedia.org/wiki/Syncytium
2910304186,https://uts-ws.mln.nih.gov/rest/content/2018AA/AUI/A3050438
2909777701,https://uts-ws.mln.nih.gov/rest/content/2018AA/AUI/A27926960
2778991639,http://en.wikipedia.org/wiki/Argosarchus_horridus
2909452119,https://uts-ws.mln.nih.gov/rest/content/2018AA/AUI/A3130576
59582021,http://en.wikipedia.org/wiki/Contig
2908612602,https://uts-ws.mln.nih.gov/rest/content/2018AA/AUI/A27940818
2779351529,http://en.wikipedia.org/wiki/Agaonidae
2781283219,http://en.wikipedia.org/wiki/Plesiadapidae
2909806315,https://uts-ws.mln.nih.gov/rest/content/2018AA/AUI/A9275285
2910234313,https://uts-ws.mln.nih.gov/rest/content/2018AA/AUI/A12885137
2910325469,https://uts-ws.mln.nih.gov/rest/content/2018AA/AUI/A27991523
2776216269,http://en.wikipedia.org/wiki/Hedotettix_xueshanensis
2777015547,http://en.wikipedia.org/wiki/Oculina_diffusa
2910511051,https://uts-ws.mln.nih.gov/rest/content/2018AA/AUI/A2949563
2909008350,https://uts-ws.mln.nih.gov/rest/content/2018AA/AUI/A2877236
2910092830,https://uts-ws.mln.nih.gov/rest/content/2018AA/AUI/A28196981
2779156532,http://en.wikipedia.org/wiki/Minilab
2781275973,http://en.wikipedia.org/wiki/Dimorphotheca
2910238334,https://uts-ws.mln.nih.gov/rest/content/2018AA/AUI/A28403649
2908808569,https://uts-ws.mln.nih.gov/rest/content/2018AA/AUI/A2793514
2908841071,https://uts-ws.mln.nih.gov/rest/content/2018AA/AUI/A20232363
2909658272,https://uts-ws.mln.nih.gov/rest/content/2018AA/AUI/A3854977
2779157431,http://en.wikipedia.org/wiki/Tropical_Atlantic_SST_Dipole
2909325187,https://uts-ws.mln.nih.gov/rest/content/2018AA/AUI/A26598360
2780254177,http://en.wikipedia.org/wiki/Carabus
2909554354,https://uts-ws.mln.nih.gov/rest/content/2018AA/AUI/A0230341
2911128390,https://uts-ws.mln.nih.gov/rest/content/2018AA/AUI/A12858292
2779498528,http://en.wikipedia.org/wiki/Euphorbia_royleana
2908734660,https://uts-ws.mln.nih.gov/rest/content/2018AA/AUI/A12847157
2910978971,https://uts-ws.mln.nih.gov/rest/content/2018AA/AUI/A24449991
2910152920,https://uts-ws.mln.nih.gov/rest/content/2018AA/AUI/A0159955
2909521354,https://medical-dictionary.thefreedictionary.com/frenulum+linguae
2776885895,http://en.wikipedia.org/wiki/Stratiomyini
2781109514,http://en.wikipedia.org/wiki/Anopheles_dirus
2908719612,https://uts-ws.mln.nih.gov/rest/content/2018AA/AUI/A27048158
2910864560,https://uts-ws.mln.nih.gov/rest/content/2018AA/AUI/A2151542
2776760420,http://en.wikipedia.org/wiki/Hydropsalis
2910616821,https://uts-ws.mln.nih.gov/rest/content/2018AA/AUI/A23866803
2779443423,http://en.wikipedia.org/wiki/Tuvirumab
2778406965,http://en.wikipedia.org/wiki/Sporobolus_contractus
2779094796,http://en.wikipedia.org/wiki/Orthopoxvirus
2909935095,https://uts-ws.mln.nih.gov/rest/content/2018AA/AUI/A3056591
2911057694,https://uts-ws.mln.nih.gov/rest/content/2018AA/AUI/A0168798
2909052426,https://uts-ws.mln.nih.gov/rest/content/2018AA/AUI/A3049065
2909358081,https://uts-ws.mln.nih.gov/rest/content/2018AA/AUI/A24268920
2910290438,http://www.wellness.com/reference/conditions/musculoskeletal-problems
93073132,http://en.wikipedia.org/wiki/DOCK_(protein)
94126134,http://en.wikipedia.org/wiki/Absolute_molar_mass
2777105864,http://en.wikipedia.org/wiki/Geomyces
2909642415,https://uts-ws.mln.nih.gov/rest/content/2018AA/AUI/A24236000
2911096948,https://uts-ws.mln.nih.gov/rest/content/2018AA/AUI/A17495273
2911125896,https://uts-ws.mln.nih.gov/rest/content/2018AA/AUI/A16588682
2908991630,https://uts-ws.mln.nih.gov/rest/content/2018AA/AUI/A19344839
2780827893,http://en.wikipedia.org/wiki/Solanum_ovigerum
2778880362,http://en.wikipedia.org/wiki/Carterocephalus
2910324709,https://uts-ws.mln.nih.gov/rest/content/2018AA/AUI/A2182880
2779673036,http://en.wikipedia.org/wiki/Ameles
9000899,http://en.wikipedia.org/wiki/Open_interest
2910664274,https://uts-ws.mln.nih.gov/rest/content/2018AA/AUI/A2136341
2909229367,https://uts-ws.mln.nih.gov/rest/content/2018AA/AUI/A2998428
2908920780,https://en.wikipedia.org/wiki/Alcohol_radical
2911075669,https://uts-ws.mln.nih.gov/rest/content/2018AA/AUI/A20041054
2909835581,https://uts-ws.mln.nih.gov/rest/content/2018AA/AUI/A19101703
2911007134,https://uts-ws.mln.nih.gov/rest/content/2018AA/AUI/A28180587
2910336125,https://uts-ws.mln.nih.gov/rest/content/2018AA/AUI/A2971683
2779452734,http://en.wikipedia.org/wiki/Catechesis
2910197860,https://en.wikipedia.org/wiki/Atelopus
2908575372,https://uts-ws.mln.nih.gov/rest/content/2018AA/AUI/A0977494
2910764272,https://www.webelements.com/tantalum/isotopes.html
2780908608,http://en.wikipedia.org/wiki/Grothendieck_connection
2908575814,https://www.kalydeco.com/disease-overview-2
2909523900,https://uts-ws.mln.nih.gov/rest/content/2018AA/AUI/A7129204
2909750247,https://uts-ws.mln.nih.gov/rest/content/2018AA/AUI/A19407549
2779127235,http://en.wikipedia.org/wiki/Allyl_iodide
2909779633,https://uts-ws.mln.nih.gov/rest/content/2018AA/AUI/A2694367
2777611438,http://en.wikipedia.org/wiki/Spironucleus_salmonicida
18522015,http://en.wikipedia.org/wiki/Circles_of_Apollonius
2910980684,https://en.wikipedia.org/wiki/Popliteal_artery_entrapment_syndrome
2911220622,https://uts-ws.mln.nih.gov/rest/content/2018AA/AUI/A23133286
2908887726,https://uts-ws.mln.nih.gov/rest/content/2018AA/AUI/A20342762
2908605082,https://uts-ws.mln.nih.gov/rest/content/2018AA/AUI/A0441140
2776351655,http://en.wikipedia.org/wiki/Rice_tungro_spherical_virus
2778075765,http://en.wikipedia.org/wiki/Laidleria
2909184159,https://uts-ws.mln.nih.gov/rest/content/2018AA/AUI/A19343332
2908580190,https://uts-ws.mln.nih.gov/rest/content/2018AA/AUI/A27983922
2910445866,https://uts-ws.mln.nih.gov/rest/content/2018AA/AUI/A2707432
2780618188,http://en.wikipedia.org/wiki/Information_Card
2908934830,https://uts-ws.mln.nih.gov/rest/content/2018AA/AUI/A11914244
2908837312,https://uts-ws.mln.nih.gov/rest/content/2018AA/AUI/A3440736
10919887,http://en.wikipedia.org/wiki/Triple_helix
2910179032,https://uts-ws.mln.nih.gov/rest/content/2018AA/AUI/A21420170
2780008630,http://en.wikipedia.org/wiki/Berlin_Method
2910684349,https://uts-ws.mln.nih.gov/rest/content/2018AA/AUI/A0784461
2909900138,https://uts-ws.mln.nih.gov/rest/content/2018AA/AUI/A0233440
2909106819,https://uts-ws.mln.nih.gov/rest/content/2018AA/AUI/A17394851
2910866602,https://uts-ws.mln.nih.gov/rest/content/2018AA/AUI/A7618160
551621295,http://en.wikipedia.org/wiki/Brainstem
2910278034,https://www.drugs.com/cg/ear-foreign-body.html
2909466135,https://uts-ws.mln.nih.gov/rest/content/2018AA/AUI/A2169120
2778169546,http://en.wikipedia.org/wiki/Pecuniary_externality
2908715233,https://uts-ws.mln.nih.gov/rest/content/2018AA/AUI/A9267141
2779345961,http://en.wikipedia.org/wiki/Arsenura
2778957071,http://en.wikipedia.org/wiki/Collective_noun
2909932232,https://uts-ws.mln.nih.gov/rest/content/2018AA/AUI/A7119179
2910224399,https://hpathy.com/cause-symptoms-treatment/gonorrhoea/
2909695075,https://uts-ws.mln.nih.gov/rest/content/2018AA/AUI/A23469115
2909413620,https://uts-ws.mln.nih.gov/rest/content/2018AA/AUI/A12902123
2779272861,http://en.wikipedia.org/wiki/Bacterial_blight_of_cassava
2780703588,http://en.wikipedia.org/wiki/Braconinae
2909255511,https://uts-ws.mln.nih.gov/rest/content/2018AA/AUI/A2150489
2910586935,https://uts-ws.mln.nih.gov/rest/content/2018AA/AUI/A16586754
2911041142,https://uts-ws.mln.nih.gov/rest/content/2018AA/AUI/A20903001
2911100947,https://www.fertilitysmarts.com/definition/194/clomiphene-citrate-clomid
2780066550,http://en.wikipedia.org/wiki/Research_Excellence_Framework
2779124611,http://en.wikipedia.org/wiki/VPIM
2909482035,https://uts-ws.mln.nih.gov/rest/content/2018AA/AUI/A0455157
2777347010,http://en.wikipedia.org/wiki/Pseudomonas_balearica
2778040916,http://en.wikipedia.org/wiki/Voyeurism
2908943043,https://uts-ws.mln.nih.gov/rest/content/2018AA/AUI/A19156403
2780542558,http://en.wikipedia.org/wiki/Loki's_Castle
2908896227,https://en.wikipedia.org/wiki/Pharyngeal_groove
2778415838,http://en.wikipedia.org/wiki/Huernia_macrocarpa
2910660511,https://uts-ws.mln.nih.gov/rest/content/2018AA/AUI/A12810611
2909084740,https://uts-ws.mln.nih.gov/rest/content/2018AA/AUI/A7105056
2909534272,https://www.reference.com/science/feedback-inhibition-biology-e539b9dec59fc12a
2909181644,https://uts-ws.mln.nih.gov/rest/content/2018AA/AUI/A7116753
2910490840,https://uts-ws.mln.nih.gov/rest/content/2018AA/AUI/A2660512
2909691145,https://uts-ws.mln.nih.gov/rest/content/2018AA/AUI/A1810097
9281262,http://en.wikipedia.org/wiki/Neuropeptide_Y_receptor_Y2
2776825266,http://en.wikipedia.org/wiki/Fibrinolysis
2910356943,https://uts-ws.mln.nih.gov/rest/content/2018AA/AUI/A28395513
2910718248,https://en.wikipedia.org/wiki/Tubercle
2910110370,https://en.wikipedia.org/wiki/KDEL_(amino_acid_sequence)
2909330507,https://uts-ws.mln.nih.gov/rest/content/2018AA/AUI/A2301797
2910837239,https://uts-ws.mln.nih.gov/rest/content/2018AA/AUI/A26640523
2908961319,https://uts-ws.mln.nih.gov/rest/content/2018AA/AUI/A23353901
2909592970,https://uts-ws.mln.nih.gov/rest/content/2018AA/AUI/A18587228
2909585663,https://simple.wikipedia.org/wiki/Pneumothorax
2910880969,https://uts-ws.mln.nih.gov/rest/content/2018AA/AUI/A23657205
2776778975,http://en.wikipedia.org/wiki/Natural_fertility
2910186533,https://uts-ws.mln.nih.gov/rest/content/2018AA/AUI/A3371013
2778319783,http://en.wikipedia.org/wiki/Aronszajn_tree
2910541562,https://uts-ws.mln.nih.gov/rest/content/2018AA/AUI/A0941049
2778588536,http://en.wikipedia.org/wiki/Astragalus_annularis
2908862353,https://uts-ws.mln.nih.gov/rest/content/2018AA/AUI/A19210584
2909932392,https://uts-ws.mln.nih.gov/rest/content/2018AA/AUI/A16514725
9158031,http://en.wikipedia.org/wiki/Moral_reasoning
2909723465,https://uts-ws.mln.nih.gov/rest/content/2018AA/AUI/A19100394
2909110210,https://uts-ws.mln.nih.gov/rest/content/2018AA/AUI/A0202064
43494157,http://en.wikipedia.org/wiki/Universal_motor
2910031064,https://uts-ws.mln.nih.gov/rest/content/2018AA/AUI/A23740497
2909449435,https://uts-ws.mln.nih.gov/rest/content/2018AA/AUI/A22827345
2779787094,http://en.wikipedia.org/wiki/Disporopsis
2911057106,https://uts-ws.mln.nih.gov/rest/content/2018AA/AUI/A16794391
2908887719,https://uts-ws.mln.nih.gov/rest/content/2018AA/AUI/A24674053
2909677938,https://uts-ws.mln.nih.gov/rest/content/2018AA/AUI/A27941464
2910321165,https://www.truthinaging.com/ingredients/morus-bombycis
2778890474,http://en.wikipedia.org/wiki/Myoscolex
2909680085,https://uts-ws.mln.nih.gov/rest/content/2018AA/AUI/A1307494
2909139212,https://uts-ws.mln.nih.gov/rest/content/2018AA/AUI/A0246615
2909029365,https://uts-ws.mln.nih.gov/rest/content/2018AA/AUI/A3694886
2910253702,https://uts-ws.mln.nih.gov/rest/content/2018AA/AUI/A1371037
2909238336,https://drfungus.org/knowledge-base/trichophyton-species/
2909058194,https://www.reference.com/science/define-hemispheric-specialization-3f40c9e41afdcfd5
2910888598,https://uts-ws.mln.nih.gov/rest/content/2018AA/AUI/A26833598
2909904105,https://uts-ws.mln.nih.gov/rest/content/2018AA/AUI/A2215841
2909303214,https://uts-ws.mln.nih.gov/rest/content/2018AA/AUI/A7563126
2908796317,https://uts-ws.mln.nih.gov/rest/content/2018AA/AUI/A2926520
2910238751,https://uts-ws.mln.nih.gov/rest/content/2018AA/AUI/A26652871
2781423102,http://en.wikipedia.org/wiki/Nitrospira
2909424823,https://uts-ws.mln.nih.gov/rest/content/2018AA/AUI/A28020080
2908560948,https://uts-ws.mln.nih.gov/rest/content/2018AA/AUI/A3212220
2910442491,https://uts-ws.mln.nih.gov/rest/content/2018AA/AUI/A26732195
2910271553,https://uts-ws.mln.nih.gov/rest/content/2018AA/AUI/A28591674
2775896824,http://en.wikipedia.org/wiki/Shenzhoupterus
206637850,http://en.wikipedia.org/wiki/Eysenck_Personality_Questionnaire
2910260122,https://uts-ws.mln.nih.gov/rest/content/2018AA/AUI/A11616534
2910413810,https://uts-ws.mln.nih.gov/rest/content/2018AA/AUI/A2984981
2910448119,https://uts-ws.mln.nih.gov/rest/content/2018AA/AUI/A6942059
2908612170,https://uts-ws.mln.nih.gov/rest/content/2018AA/AUI/A7639774
2909928872,https://uts-ws.mln.nih.gov/rest/content/2018AA/AUI/A20412915
2777083248,http://en.wikipedia.org/wiki/Hypodermyasis
2909805870,https://uts-ws.mln.nih.gov/rest/content/2018AA/AUI/A27037527
2909113166,https://uts-ws.mln.nih.gov/rest/content/2018AA/AUI/A23352463
2777109862,http://en.wikipedia.org/wiki/Synsacrum
2909375696,https://uts-ws.mln.nih.gov/rest/content/2018AA/AUI/A23031511
2910252689,https://uts-ws.mln.nih.gov/rest/content/2018AA/AUI/A21413823
2909020420,https://uts-ws.mln.nih.gov/rest/content/2018AA/AUI/A3292910
2909767184,https://uts-ws.mln.nih.gov/rest/content/2018AA/AUI/A13358800
2910716855,https://www.wikihow.com/Give-an-Injection
2775892214,http://en.wikipedia.org/wiki/Lamprotes
2910082831,https://uts-ws.mln.nih.gov/rest/content/2018AA/AUI/A11585315
2777651071,http://en.wikipedia.org/wiki/Arcinella
182930780,http://en.wikipedia.org/wiki/Ecological_urbanism
2911008236,https://uts-ws.mln.nih.gov/rest/content/2018AA/AUI/A8298933
2908674811,https://uts-ws.mln.nih.gov/rest/content/2018AA/AUI/A7835723
2777843479,http://en.wikipedia.org/wiki/Mechanical_hemolytic_anemia
2909920488,https://uts-ws.mln.nih.gov/rest/content/2018AA/AUI/A9256467
2781411904,http://en.wikipedia.org/wiki/Babycurus
2911018831,https://uts-ws.mln.nih.gov/rest/content/2018AA/AUI/A27813654
2778390148,http://en.wikipedia.org/wiki/Laurdan
2909025247,https://www.cedars-sinai.edu/Patients/Health-Conditions/Congenital-Recto-Urethral-Fistula-and-Recto-Bladder-Neck-Fistula.aspx
2909282238,https://uts-ws.mln.nih.gov/rest/content/2018AA/AUI/A9308011
2911097708,https://uts-ws.mln.nih.gov/rest/content/2018AA/AUI/A8443569
2909221275,https://uts-ws.mln.nih.gov/rest/content/2018AA/AUI/A16982104
166816511,http://en.wikipedia.org/wiki/Association_theory
2779703118,http://en.wikipedia.org/wiki/Persian_onager
2908562863,https://uts-ws.mln.nih.gov/rest/content/2018AA/AUI/A3262329
9072749,http://en.wikipedia.org/wiki/Motion_to_quash
2909548080,https://uts-ws.mln.nih.gov/rest/content/2018AA/AUI/A0861868
2909174308,https://uts-ws.mln.nih.gov/rest/content/2018AA/AUI/A23332165
2909141469,https://uts-ws.mln.nih.gov/rest/content/2018AA/AUI/A16539212
2777712102,http://en.wikipedia.org/wiki/Rhodothermus_marinus
2910654768,https://uts-ws.mln.nih.gov/rest/content/2018AA/AUI/A21365447
2780995306,http://en.wikipedia.org/wiki/Hesperolaburnum
2909791111,https://uts-ws.mln.nih.gov/rest/content/2018AA/AUI/A27956013
2781194378,http://en.wikipedia.org/wiki/Hormotilopsis
2780879335,http://en.wikipedia.org/wiki/End-of-life_care
2909141367,http://www.rightdiagnosis.com/m/megalocytic_normochromic_anemia/intro.htm
2776551768,http://en.wikipedia.org/wiki/Guar
2777641537,http://en.wikipedia.org/wiki/ISO/IEC_27000
39639997,http://en.wikipedia.org/wiki/Anomalous_propagation
2909728728,https://uts-ws.mln.nih.gov/rest/content/2018AA/AUI/A3445461
2776264496,http://en.wikipedia.org/wiki/Forensic_metrology
2910329697,https://uts-ws.mln.nih.gov/rest/content/2018AA/AUI/A23345262
2909634709,https://uts-ws.mln.nih.gov/rest/content/2018AA/AUI/A6903932
2779104039,http://en.wikipedia.org/wiki/Hydrodictyaceae
2776764476,http://en.wikipedia.org/wiki/Traumatic_acid
2909667289,https://uts-ws.mln.nih.gov/rest/content/2018AA/AUI/A24806248
131431280,http://en.wikipedia.org/wiki/Lift_(soaring)
2908677382,https://uts-ws.mln.nih.gov/rest/content/2018AA/AUI/A1197307
2780837613,http://en.wikipedia.org/wiki/Acrocercops_zygonoma
2910223702,https://www.verywellhealth.com/false-positive-797213
2910608740,https://uts-ws.mln.nih.gov/rest/content/2018AA/AUI/A2107383
2910915695,https://uts-ws.mln.nih.gov/rest/content/2018AA/AUI/A15383298
2909693233,https://uts-ws.mln.nih.gov/rest/content/2018AA/AUI/A23932312
26262908,http://en.wikipedia.org/wiki/Input_impedance
2909614275,https://www.healthline.com/human-body-maps/retina
2777618587,http://en.wikipedia.org/wiki/Dolichothrix
2909860370,https://uts-ws.mln.nih.gov/rest/content/2018AA/AUI/A25774007
2910452208,https://uts-ws.mln.nih.gov/rest/content/2018AA/AUI/A18676800
2911066314,https://uts-ws.mln.nih.gov/rest/content/2018AA/AUI/A21377790
2777011167,http://en.wikipedia.org/wiki/Bentley_compounds
2909190240,https://uts-ws.mln.nih.gov/rest/content/2018AA/AUI/A24666368
2910557694,https://uts-ws.mln.nih.gov/rest/content/2018AA/AUI/A0367451
2909149165,https://uts-ws.mln.nih.gov/rest/content/2018AA/AUI/A24123314
2779493279,http://en.wikipedia.org/wiki/Anthocharis_midea
2910525971,https://uts-ws.mln.nih.gov/rest/content/2018AA/AUI/A3254140
2909237641,https://uts-ws.mln.nih.gov/rest/content/2018AA/AUI/A2744285
2778603302,http://en.wikipedia.org/wiki/Thistle_tortoise_beetle
2780900454,http://en.wikipedia.org/wiki/ATF4
2910719501,https://uts-ws.mln.nih.gov/rest/content/2018AA/AUI/A0236929
167002459,http://en.wikipedia.org/wiki/E-procurement
2777729820,http://en.wikipedia.org/wiki/Cellodextrin
2908764745,https://uts-ws.mln.nih.gov/rest/content/2018AA/AUI/A28181566
2909699435,https://uts-ws.mln.nih.gov/rest/content/2018AA/AUI/A23338659
2909561768,https://uts-ws.mln.nih.gov/rest/content/2018AA/AUI/A18245742
2910261294,https://uts-ws.mln.nih.gov/rest/content/2018AA/AUI/A18566986
2777281901,http://en.wikipedia.org/wiki/Psychic_apparatus
2909869795,https://uts-ws.mln.nih.gov/rest/content/2018AA/AUI/A1141565
2910047970,https://uts-ws.mln.nih.gov/rest/content/2018AA/AUI/A20963698
2909695183,https://uts-ws.mln.nih.gov/rest/content/2018AA/AUI/A3077374
189666105,http://en.wikipedia.org/wiki/Thin_disk
2775955550,http://en.wikipedia.org/wiki/Progressive_disclosure
2777859753,http://en.wikipedia.org/wiki/Ideal_free_distribution
2908987735,https://uts-ws.mln.nih.gov/rest/content/2018AA/AUI/A23755926
2910298988,https://uts-ws.mln.nih.gov/rest/content/2018AA/AUI/A17402082
2908865421,https://uts-ws.mln.nih.gov/rest/content/2018AA/AUI/A7625959
2776712616,http://en.wikipedia.org/wiki/Desktop_virtualization
2909028037,https://uts-ws.mln.nih.gov/rest/content/2018AA/AUI/A6993843
2910015768,https://uts-ws.mln.nih.gov/rest/content/2018AA/AUI/A27463217
2909409790,https://uts-ws.mln.nih.gov/rest/content/2018AA/AUI/A24598171
2910850328,https://uts-ws.mln.nih.gov/rest/content/2018AA/AUI/A2746474
2910338408,https://uts-ws.mln.nih.gov/rest/content/2018AA/AUI/A24572799
2910771602,https://uts-ws.mln.nih.gov/rest/content/2018AA/AUI/A28065271
2777138619,http://en.wikipedia.org/wiki/Olisthopus
2909135009,https://uts-ws.mln.nih.gov/rest/content/2018AA/AUI/A3643861
2778717584,http://en.wikipedia.org/wiki/Tucker's_lemma
2908950330,https://uts-ws.mln.nih.gov/rest/content/2018AA/AUI/A0386418
2779337874,http://en.wikipedia.org/wiki/Van_cat
95707001,http://en.wikipedia.org/wiki/Circular_law
2776907564,https://www.drugs.com/mcd/polyhydramnios#
2911193860,https://uts-ws.mln.nih.gov/rest/content/2018AA/AUI/A2784554
2909986007,https://uts-ws.mln.nih.gov/rest/content/2018AA/AUI/A0558564
2909767825,https://uts-ws.mln.nih.gov/rest/content/2018AA/AUI/A3025269
2908810344,https://uts-ws.mln.nih.gov/rest/content/2018AA/AUI/A23489283
136418573,http://en.wikipedia.org/wiki/Microteaching
2909075378,https://uts-ws.mln.nih.gov/rest/content/2018AA/AUI/A28195282
2908597126,https://uts-ws.mln.nih.gov/rest/content/2018AA/AUI/A26904010
2778399259,http://en.wikipedia.org/wiki/Staphylococcal_enteritis
2909447690,https://uts-ws.mln.nih.gov/rest/content/2018AA/AUI/A26681231
2910050317,https://uts-ws.mln.nih.gov/rest/content/2018AA/AUI/A26747600
2776075511,http://en.wikipedia.org/wiki/Tienoxolol
2777757330,http://en.wikipedia.org/wiki/Periostitis
2909044625,https://uts-ws.mln.nih.gov/rest/content/2018AA/AUI/A7666248
2908945394,https://uts-ws.mln.nih.gov/rest/content/2018AA/AUI/A3124602
2910681455,https://uts-ws.mln.nih.gov/rest/content/2018AA/AUI/A3895103
2778924212,http://en.wikipedia.org/wiki/Iron_tetraboride
2910349336,https://uts-ws.mln.nih.gov/rest/content/2018AA/AUI/A16534306
2911028765,https://uts-ws.mln.nih.gov/rest/content/2018AA/AUI/A24804991
2778882879,http://en.wikipedia.org/wiki/Hyracotherium
2911061181,https://uts-ws.mln.nih.gov/rest/content/2018AA/AUI/A12874939
2909968270,https://uts-ws.mln.nih.gov/rest/content/2018AA/AUI/A20305033
2910550059,https://uts-ws.mln.nih.gov/rest/content/2018AA/AUI/A2195316
2909109017,https://uts-ws.mln.nih.gov/rest/content/2018AA/AUI/A17574434
2910566990,https://uts-ws.mln.nih.gov/rest/content/2018AA/AUI/A15044829
2776931843,http://en.wikipedia.org/wiki/Very_Long_Baseline_Array
2908534042,https://uts-ws.mln.nih.gov/rest/content/2018AA/AUI/A24364375
2911151744,https://uts-ws.mln.nih.gov/rest/content/2018AA/AUI/A20504678
2909140530,https://uts-ws.mln.nih.gov/rest/content/2018AA/AUI/A26835823
2908738471,https://uts-ws.mln.nih.gov/rest/content/2018AA/AUI/A10824160
2777588823,http://en.wikipedia.org/wiki/Parietal-temporal-occipital
2778861002,http://en.wikipedia.org/wiki/Enoxolone
2909002698,https://www.aafp.org/afp/2001/0615/p2413.html
2910716676,https://uts-ws.mln.nih.gov/rest/content/2018AA/AUI/A3298455
2910834592,https://uts-ws.mln.nih.gov/rest/content/2018AA/AUI/A27872340
2776463735,http://en.wikipedia.org/wiki/Suillia_univittata
2909338089,https://uts-ws.mln.nih.gov/rest/content/2018AA/AUI/A28100205
2908757899,https://uts-ws.mln.nih.gov/rest/content/2018AA/AUI/A7763818
2909757544,https://uts-ws.mln.nih.gov/rest/content/2018AA/AUI/A7599573
2909002585,https://uts-ws.mln.nih.gov/rest/content/2018AA/AUI/A18457776
2909155146,https://uts-ws.mln.nih.gov/rest/content/2018AA/AUI/A7811895
2909189509,https://uts-ws.mln.nih.gov/rest/content/2018AA/AUI/A8386965
2777547098,http://en.wikipedia.org/wiki/Six_Dynasties
2780855910,http://en.wikipedia.org/wiki/Iridomyrmecin
2910960731,https://uts-ws.mln.nih.gov/rest/content/2018AA/AUI/A23723002
2909516456,https://uts-ws.mln.nih.gov/rest/content/2018AA/AUI/A15012503
2776404886,http://en.wikipedia.org/wiki/Chloromyia
2908639137,https://uts-ws.mln.nih.gov/rest/content/2018AA/AUI/A19219464
2909137265,https://uts-ws.mln.nih.gov/rest/content/2018AA/AUI/A2198609
2781236230,http://en.wikipedia.org/wiki/Denys–Drash_syndrome
2909775446,https://uts-ws.mln.nih.gov/rest/content/2018AA/AUI/A20554776
2780561598,http://www.nhs.uk/Conditions/marfan-syndrome/Pages/Introduction.aspx
2909343818,https://en.wikipedia.org/wiki/Mammary_analogue_secretory_carcinoma
2909961876,https://uts-ws.mln.nih.gov/rest/content/2018AA/AUI/A7777363
2779138571,http://en.wikipedia.org/wiki/Bit-serial_architecture
2779161532,http://en.wikipedia.org/wiki/Euceratocerus
2909886508,https://uts-ws.mln.nih.gov/rest/content/2018AA/AUI/A27195553
2777659048,http://en.wikipedia.org/wiki/ADAM33
12304452,http://en.wikipedia.org/wiki/PPARGC1A
2909138252,https://uts-ws.mln.nih.gov/rest/content/2018AA/AUI/A7668769
2909531924,https://uts-ws.mln.nih.gov/rest/content/2018AA/AUI/A2153757
2910038109,https://uts-ws.mln.nih.gov/rest/content/2018AA/AUI/A26770840
2909216417,https://uts-ws.mln.nih.gov/rest/content/2018AA/AUI/A21369615
2910574375,https://medlineplus.gov/ency/imagepages/9894.htm
8990634,http://en.wikipedia.org/wiki/Treaty_of_Tordesillas
65165184,http://en.wikipedia.org/wiki/Photocatalysis
2911048323,https://uts-ws.mln.nih.gov/rest/content/2018AA/AUI/A10759163
198052957,http://en.wikipedia.org/wiki/Official_statistics
2778867833,http://en.wikipedia.org/wiki/Charitodoron
2909538434,https://uts-ws.mln.nih.gov/rest/content/2018AA/AUI/A23451307
2910510223,https://uts-ws.mln.nih.gov/rest/content/2018AA/AUI/A7176107
2780963852,http://en.wikipedia.org/wiki/Isopolia
2777021392,http://en.wikipedia.org/wiki/Rostromyrmex
2778684728,http://en.wikipedia.org/wiki/Palleronia
2909643877,https://uts-ws.mln.nih.gov/rest/content/2018AA/AUI/A12908628
2780098143,http://en.wikipedia.org/wiki/Penthrox_inhaler
71908930,http://en.wikipedia.org/wiki/Edaphic
2911097044,https://uts-ws.mln.nih.gov/rest/content/2018AA/AUI/A0187307
2775905658,http://en.wikipedia.org/wiki/Hypselognathus
2910211468,https://uts-ws.mln.nih.gov/rest/content/2018AA/AUI/A3506953
2911163285,https://uts-ws.mln.nih.gov/rest/content/2018AA/AUI/A24668108
2781429736,http://en.wikipedia.org/wiki/Infinite-dimensional_optimization
2779410910,http://en.wikipedia.org/wiki/Neoantistea
2910128324,https://uts-ws.mln.nih.gov/rest/content/2018AA/AUI/A18666156
2908797180,https://uts-ws.mln.nih.gov/rest/content/2018AA/AUI/A2144780
49674690,http://en.wikipedia.org/wiki/Massive_compact_halo_object
2909606673,https://uts-ws.mln.nih.gov/rest/content/2018AA/AUI/A26663162
2910062302,https://uts-ws.mln.nih.gov/rest/content/2018AA/AUI/A3204768
2908559870,https://uts-ws.mln.nih.gov/rest/content/2018AA/AUI/A3895649
2909754871,https://uts-ws.mln.nih.gov/rest/content/2018AA/AUI/A2129060
2779886824,http://en.wikipedia.org/wiki/Dianthus_caryophyllus
2779651542,http://en.wikipedia.org/wiki/Esperiana
19510916,http://en.wikipedia.org/wiki/Electronics_Technician
2910687129,https://uts-ws.mln.nih.gov/rest/content/2018AA/AUI/A15042577
2910888936,https://uts-ws.mln.nih.gov/rest/content/2018AA/AUI/A1739827
2779970781,http://en.wikipedia.org/wiki/Achlorhydria
2909007746,https://uts-ws.mln.nih.gov/rest/content/2018AA/AUI/A15032808
2908621203,https://uts-ws.mln.nih.gov/rest/content/2018AA/AUI/A3150964
2908812925,https://uts-ws.mln.nih.gov/rest/content/2018AA/AUI/A19204856
2777583129,http://en.wikipedia.org/wiki/Modularity_of_mind
2775995586,http://en.wikipedia.org/wiki/Arabis_procurrens
2909280888,https://uts-ws.mln.nih.gov/rest/content/2018AA/AUI/A2122997
2910492093,https://uts-ws.mln.nih.gov/rest/content/2018AA/AUI/A17007794
2908542702,https://uts-ws.mln.nih.gov/rest/content/2018AA/AUI/A11596061
2910872676,https://uts-ws.mln.nih.gov/rest/content/2018AA/AUI/A28102890
13027520,http://en.wikipedia.org/wiki/Grashof_number
2910809145,https://uts-ws.mln.nih.gov/rest/content/2018AA/AUI/A24505493
2910660956,https://uts-ws.mln.nih.gov/rest/content/2018AA/AUI/A20403488
189987565,http://en.wikipedia.org/wiki/Riesz_potential
2909337348,http://drbui.com/artrapidperio.html
2909382565,https://uts-ws.mln.nih.gov/rest/content/2018AA/AUI/A7600054
2780634484,http://en.wikipedia.org/wiki/Calceochiton
2910897620,https://uts-ws.mln.nih.gov/rest/content/2018AA/AUI/A1173067
2908577658,https://uts-ws.mln.nih.gov/rest/content/2018AA/AUI/A1564243
2908683501,https://uts-ws.mln.nih.gov/rest/content/2018AA/AUI/A20403496
2778858001,http://en.wikipedia.org/wiki/Transfusion_transmitted_infection
2910969347,https://uts-ws.mln.nih.gov/rest/content/2018AA/AUI/A23148864
2776166907,http://en.wikipedia.org/wiki/Homochlorcyclizine
2776002626,http://www.everydayhealth.com/skin-beauty-pictures/common-spiders-and-spider-bites.aspx#01
2781319957,http://en.wikipedia.org/wiki/Proleg
2776592573,http://en.wikipedia.org/wiki/Bipolar_II_disorder
2910041055,https://uts-ws.mln.nih.gov/rest/content/2018AA/AUI/A9305291
2908721108,https://www.news-medical.net/health/Morphine-Pharmacokinetics.aspx
2908796576,https://uts-ws.mln.nih.gov/rest/content/2018AA/AUI/A24245420
2910876574,https://uts-ws.mln.nih.gov/rest/content/2018AA/AUI/A0145346
2908581317,https://uts-ws.mln.nih.gov/rest/content/2018AA/AUI/A27944011
114920618,http://en.wikipedia.org/wiki/Viropexis
2780033610,http://en.wikipedia.org/wiki/Falling_in_love
2909724872,https://uts-ws.mln.nih.gov/rest/content/2018AA/AUI/A2729002
2909100725,https://uts-ws.mln.nih.gov/rest/content/2018AA/AUI/A24414760
2909473786,https://en.wikipedia.org/wiki/Vascular_closure_device
2910635958,https://uts-ws.mln.nih.gov/rest/content/2018AA/AUI/A7655639
2909366782,https://uts-ws.mln.nih.gov/rest/content/2018AA/AUI/A2738793
2910561717,https://www.thoughtco.com/religion-vs-spirituality-whats-the-difference-250713
2910126395,https://medical-dictionary.thefreedictionary.com/preimplantation+embryo
2780532540,http://en.wikipedia.org/wiki/Chromia
2780680797,http://en.wikipedia.org/wiki/Granular_layer_(cerebellum)
2909912759,https://uts-ws.mln.nih.gov/rest/content/2018AA/AUI/A26742195
163691529,http://en.wikipedia.org/wiki/SNP_genotyping
2909015131,https://uts-ws.mln.nih.gov/rest/content/2018AA/AUI/A24258824
2776507766,http://en.wikipedia.org/wiki/Methanobrevibacter_curvatus
2781192546,http://en.wikipedia.org/wiki/Anisomeles_malabarica
2779712488,http://en.wikipedia.org/wiki/Werauhia
2909930726,https://uts-ws.mln.nih.gov/rest/content/2018AA/AUI/A22975040
2778167072,http://en.wikipedia.org/wiki/CAM-D
2908924693,https://uts-ws.mln.nih.gov/rest/content/2018AA/AUI/A9270092
2910572230,https://en.wikipedia.org/wiki/Schwartz%27s_reagent
2911107732,https://uts-ws.mln.nih.gov/rest/content/2018AA/AUI/A26732390
2910928950,https://uts-ws.mln.nih.gov/rest/content/2018AA/AUI/A26844554
2781379035,http://en.wikipedia.org/wiki/Festuca_amethystina
2910365618,https://uts-ws.mln.nih.gov/rest/content/2018AA/AUI/A2995705
2908908234,https://uts-ws.mln.nih.gov/rest/content/2018AA/AUI/A26652954
2776909756,http://en.wikipedia.org/wiki/Hybrid_operating_room
2909212544,https://uts-ws.mln.nih.gov/rest/content/2018AA/AUI/A11609676
2910098868,https://uts-ws.mln.nih.gov/rest/content/2018AA/AUI/A2215825
190826126,http://en.wikipedia.org/wiki/Subaerial_eruption
2910573898,https://uts-ws.mln.nih.gov/rest/content/2018AA/AUI/A2304472
2909213609,https://uts-ws.mln.nih.gov/rest/content/2018AA/AUI/A2123430
2776798993,http://en.wikipedia.org/wiki/Euphorbia_lactea
2908725413,https://uts-ws.mln.nih.gov/rest/content/2018AA/AUI/A22995565
2781252070,http://en.wikipedia.org/wiki/Dubins_path
2779658294,http://en.wikipedia.org/wiki/Economy_of_affection
2911135122,https://uts-ws.mln.nih.gov/rest/content/2018AA/AUI/A24594528
2910272367,https://uts-ws.mln.nih.gov/rest/content/2018AA/AUI/A27337697
83487572,http://en.wikipedia.org/wiki/Space–time_block_code
2779705018,http://en.wikipedia.org/wiki/Crex
2777938920,http://en.wikipedia.org/wiki/Glyphipterix
2909284606,https://www.todaytranslations.com/language-history/farsi
2909120911,https://uts-ws.mln.nih.gov/rest/content/2018AA/AUI/A3009851
2910901563,https://uts-ws.mln.nih.gov/rest/content/2018AA/AUI/A2195567
2779354729,http://en.wikipedia.org/wiki/Avoidant_personality_disorder
2910924766,https://uts-ws.mln.nih.gov/rest/content/2018AA/AUI/A20478677
2908994817,https://uts-ws.mln.nih.gov/rest/content/2018AA/AUI/A2193123
190114075,http://en.wikipedia.org/wiki/Squash_(sport)
2779707719,http://en.wikipedia.org/wiki/Polity
2777613131,http://en.wikipedia.org/wiki/Spike_sorting
60945770,http://en.wikipedia.org/wiki/Java_Modeling_Language
2777682936,http://en.wikipedia.org/wiki/Pyrazole
2777775549,http://en.wikipedia.org/wiki/Myinodes
2778128385,http://en.wikipedia.org/wiki/Organizational_conflict
2908682562,https://uts-ws.mln.nih.gov/rest/content/2018AA/AUI/A4471830
2909601947,https://uts-ws.mln.nih.gov/rest/content/2018AA/AUI/A3681394
2777604500,http://en.wikipedia.org/wiki/Surgical_tape
2909025594,https://uts-ws.mln.nih.gov/rest/content/2018AA/AUI/A2203538
2909391013,https://uts-ws.mln.nih.gov/rest/content/2018AA/AUI/A0186715
2909309046,https://uts-ws.mln.nih.gov/rest/content/2018AA/AUI/A23856410
2909302812,https://uts-ws.mln.nih.gov/rest/content/2018AA/AUI/A26650714
2908667599,https://uts-ws.mln.nih.gov/rest/content/2018AA/AUI/A15447720
2909601119,https://uts-ws.mln.nih.gov/rest/content/2018AA/AUI/A19244826
2909429678,https://uts-ws.mln.nih.gov/rest/content/2018AA/AUI/A4346476
2908836387,https://uts-ws.mln.nih.gov/rest/content/2018AA/AUI/A22909231
2909967215,https://uts-ws.mln.nih.gov/rest/content/2018AA/AUI/A25764451
2909503116,https://uts-ws.mln.nih.gov/rest/content/2018AA/AUI/A19348914
2910192461,https://uts-ws.mln.nih.gov/rest/content/2018AA/AUI/A1365847
2910608272,https://uts-ws.mln.nih.gov/rest/content/2018AA/AUI/A2781445
2909180881,https://uts-ws.mln.nih.gov/rest/content/2018AA/AUI/A7592728
2910965905,https://uts-ws.mln.nih.gov/rest/content/2018AA/AUI/A15016799
2910191993,https://uts-ws.mln.nih.gov/rest/content/2018AA/AUI/A2129495
2776321126,http://en.wikipedia.org/wiki/Antenarrative
2909633211,https://uts-ws.mln.nih.gov/rest/content/2018AA/AUI/A23098585
2909354988,https://uts-ws.mln.nih.gov/rest/content/2018AA/AUI/A17777792
2909308288,https://uts-ws.mln.nih.gov/rest/content/2018AA/AUI/A2717638
2779085140,http://en.wikipedia.org/wiki/Tremellales
2910374699,https://uts-ws.mln.nih.gov/rest/content/2018AA/AUI/A21334952
2908953777,https://uts-ws.mln.nih.gov/rest/content/2018AA/AUI/A3107076
2911218726,https://uts-ws.mln.nih.gov/rest/content/2018AA/AUI/A23084733
2911098781,https://uts-ws.mln.nih.gov/rest/content/2018AA/AUI/A21342401
2910893379,https://uts-ws.mln.nih.gov/rest/content/2018AA/AUI/A18666086
2911084300,https://uts-ws.mln.nih.gov/rest/content/2018AA/AUI/A2175744
2908871586,https://uts-ws.mln.nih.gov/rest/content/2018AA/AUI/A18676230
2779114279,http://en.wikipedia.org/wiki/Volkheimeria
2909613601,https://uts-ws.mln.nih.gov/rest/content/2018AA/AUI/A23761826
85157831,http://en.wikipedia.org/wiki/Mesosoma
2909423827,https://uts-ws.mln.nih.gov/rest/content/2018AA/AUI/A0172137
2776996762,http://en.wikipedia.org/wiki/Tolypocladium_ophioglossoides
2910336650,https://uts-ws.mln.nih.gov/rest/content/2018AA/AUI/A1172830
2910551083,https://uts-ws.mln.nih.gov/rest/content/2018AA/AUI/A20310713
2779604457,http://en.wikipedia.org/wiki/Enterocyte
2911039078,https://uts-ws.mln.nih.gov/rest/content/2018AA/AUI/A21337188
2910740518,https://uts-ws.mln.nih.gov/rest/content/2018AA/AUI/A26677129
2909014234,https://uts-ws.mln.nih.gov/rest/content/2018AA/AUI/A0398583
2780435379,http://en.wikipedia.org/wiki/Saxifraga_cuneifolia
2910741679,https://uts-ws.mln.nih.gov/rest/content/2018AA/AUI/A7776183
2911169805,https://uts-ws.mln.nih.gov/rest/content/2018AA/AUI/A7109208
2777839319,http://en.wikipedia.org/wiki/Gene_therapy_for_epilepsy
2911058074,https://uts-ws.mln.nih.gov/rest/content/2018AA/AUI/A17492391
2775973094,http://en.wikipedia.org/wiki/Nightlife
2910619434,https://uts-ws.mln.nih.gov/rest/content/2018AA/AUI/A6946010
2910698980,https://uts-ws.mln.nih.gov/rest/content/2018AA/AUI/A2302758
2777024866,http://en.wikipedia.org/wiki/Riggatron
2911107367,https://uts-ws.mln.nih.gov/rest/content/2018AA/AUI/A2196229
2779336404,http://en.wikipedia.org/wiki/Nepenthes_bicalcarata
2779386370,http://en.wikipedia.org/wiki/Spongivore
2778333328,http://www.healthline.com/health/ehlers-danlos-syndrome#Overview1
2776806964,http://en.wikipedia.org/wiki/Penstemon_penlandii
197968787,http://en.wikipedia.org/wiki/Differential_Galois_theory
2910369448,https://uts-ws.mln.nih.gov/rest/content/2018AA/AUI/A2740939
56052488,http://en.wikipedia.org/wiki/Amorphous_solid
2909243687,https://www.dermnetnz.org/topics/morbilliform-drug-reaction
130630143,http://en.wikipedia.org/wiki/Weibull_modulus
2909479163,https://uts-ws.mln.nih.gov/rest/content/2018AA/AUI/A2986456
2910852360,https://uts-ws.mln.nih.gov/rest/content/2018AA/AUI/A22844122
17093226,http://en.wikipedia.org/wiki/Carbohydrate_metabolism
2778301690,http://en.wikipedia.org/wiki/Sulfadoxine
2910884746,https://uts-ws.mln.nih.gov/rest/content/2018AA/AUI/A1382055
2780860232,http://en.wikipedia.org/wiki/Atalaya_(plant)
2908909213,https://firstaidcalgary.ca/symptoms-of-chronic-malaria/
2908797804,https://uts-ws.mln.nih.gov/rest/content/2018AA/AUI/A15561512
2911073182,https://uts-ws.mln.nih.gov/rest/content/2018AA/AUI/A2962759
2910259480,https://uts-ws.mln.nih.gov/rest/content/2018AA/AUI/A8428235
2780525659,http://en.wikipedia.org/wiki/Microvia
2910943288,https://www.britannica.com/science/basophil
2777425282,http://en.wikipedia.org/wiki/Monacrosporium
2911110663,https://uts-ws.mln.nih.gov/rest/content/2018AA/AUI/A12867027
2908771863,https://uts-ws.mln.nih.gov/rest/content/2018AA/AUI/A1649223
2908589829,https://uts-ws.mln.nih.gov/rest/content/2018AA/AUI/A24817525
2910995598,https://uts-ws.mln.nih.gov/rest/content/2018AA/AUI/A1380343
2780513466,http://en.wikipedia.org/wiki/BAY_73-6691
2779537706,http://en.wikipedia.org/wiki/Zerotulidae
2910582883,https://uts-ws.mln.nih.gov/rest/content/2018AA/AUI/A24346623
2779112757,http://en.wikipedia.org/wiki/Sodium_nitrate
2908738402,https://uts-ws.mln.nih.gov/rest/content/2018AA/AUI/A1651719
2910224604,https://uts-ws.mln.nih.gov/rest/content/2018AA/AUI/A24387700
2910261467,https://uts-ws.mln.nih.gov/rest/content/2018AA/AUI/A3025943
2910661057,https://uts-ws.mln.nih.gov/rest/content/2018AA/AUI/A2792458
2910347353,https://uts-ws.mln.nih.gov/rest/content/2018AA/AUI/A2153750
2778174319,http://en.wikipedia.org/wiki/Conus_generalis
2909832747,https://uts-ws.mln.nih.gov/rest/content/2018AA/AUI/A9302899
2909496326,https://uts-ws.mln.nih.gov/rest/content/2018AA/AUI/A3666049
2909078434,https://en.wikipedia.org/wiki/Laser_coagulation
2778788487,http://en.wikipedia.org/wiki/Algernonia
2910822963,https://uts-ws.mln.nih.gov/rest/content/2018AA/AUI/A9282923
2777002983,http://en.wikipedia.org/wiki/4-Benzylpiperidine
2778234828,http://en.wikipedia.org/wiki/Coenzyme_M
2910215237,https://uts-ws.mln.nih.gov/rest/content/2018AA/AUI/A16563339
2908597897,https://uts-ws.mln.nih.gov/rest/content/2018AA/AUI/A26641478
2910333729,https://www.tandurust.com/infections/lingual-tonsillitis-acute-and-chronic.html
56707801,http://en.wikipedia.org/wiki/Devitrification
2779296692,http://en.wikipedia.org/wiki/Macrobrachium_ohione
2911119887,https://uts-ws.mln.nih.gov/rest/content/2018AA/AUI/A27174252
2778979671,http://en.wikipedia.org/wiki/Repetobasidium
2910293040,https://uts-ws.mln.nih.gov/rest/content/2018AA/AUI/A2140792
2776250104,http://en.wikipedia.org/wiki/Trochalopteron
2909119076,https://uts-ws.mln.nih.gov/rest/content/2018AA/AUI/A11596804
2910429723,https://uts-ws.mln.nih.gov/rest/content/2018AA/AUI/A18587112
2909193411,https://uts-ws.mln.nih.gov/rest/content/2018AA/AUI/A3021467
2909674106,https://en.wikipedia.org/wiki/Astrocytoma
2908716462,https://uts-ws.mln.nih.gov/rest/content/2018AA/AUI/A20310940
2775989086,http://en.wikipedia.org/wiki/Thamnolia
2910174480,https://en.wikipedia.org/wiki/Block_vertebra
2777815980,http://en.wikipedia.org/wiki/Handleyomys_intectus
2777668370,http://en.wikipedia.org/wiki/Pharyngeal_jaw
2910708249,https://uts-ws.mln.nih.gov/rest/content/2018AA/AUI/A2742097
2909971089,https://uts-ws.mln.nih.gov/rest/content/2018AA/AUI/A7173001
2910659520,https://uts-ws.mln.nih.gov/rest/content/2018AA/AUI/A15402389
2910299933,https://uts-ws.mln.nih.gov/rest/content/2018AA/AUI/A17550764
2777304691,http://en.wikipedia.org/wiki/Diplomystes_camposensis
2910926504,https://uts-ws.mln.nih.gov/rest/content/2018AA/AUI/A18042077
2910132428,https://uts-ws.mln.nih.gov/rest/content/2018AA/AUI/A10812352
2909747985,https://uts-ws.mln.nih.gov/rest/content/2018AA/AUI/A12925146
2908867649,https://uts-ws.mln.nih.gov/rest/content/2018AA/AUI/A2733312
2909946759,https://uts-ws.mln.nih.gov/rest/content/2018AA/AUI/A17508069
2776078639,http://en.wikipedia.org/wiki/Dudley's_theorem
2908846738,https://uts-ws.mln.nih.gov/rest/content/2018AA/AUI/A18564039
2779640127,http://en.wikipedia.org/wiki/Barbatula_nuda
2910563038,https://uts-ws.mln.nih.gov/rest/content/2018AA/AUI/A24815901
2909279271,https://uts-ws.mln.nih.gov/rest/content/2018AA/AUI/A20501295
79705322,http://en.wikipedia.org/wiki/Parfocal_lens
2910261436,https://uts-ws.mln.nih.gov/rest/content/2018AA/AUI/A3084259
2909332487,https://uts-ws.mln.nih.gov/rest/content/2018AA/AUI/A28050340
2908737751,https://uts-ws.mln.nih.gov/rest/content/2018AA/AUI/A0567121
72810566,http://en.wikipedia.org/wiki/Hartogs'_extension_theorem
2779582930,http://en.wikipedia.org/wiki/Iodowynnea
2908609059,https://uts-ws.mln.nih.gov/rest/content/2018AA/AUI/A9262162
2910302812,https://uts-ws.mln.nih.gov/rest/content/2018AA/AUI/A24608852
2775971583,http://en.wikipedia.org/wiki/Conidiomata
2910685585,https://uts-ws.mln.nih.gov/rest/content/2018AA/AUI/A0749278
2911111772,https://uts-ws.mln.nih.gov/rest/content/2018AA/AUI/A26866941
2780310539,http://en.wikipedia.org/wiki/Imperfect
2780868795,http://en.wikipedia.org/wiki/Lophodolos
2909616969,https://uts-ws.mln.nih.gov/rest/content/2018AA/AUI/A7666202
2909307251,https://uts-ws.mln.nih.gov/rest/content/2018AA/AUI/A24442749
2910819231,https://uts-ws.mln.nih.gov/rest/content/2018AA/AUI/A24465438
2778680351,http://en.wikipedia.org/wiki/Copper_fist
2909333728,https://www.sharecare.com/health/health-screening-wellness/best-way-measure-body-temperature
2909371546,https://uts-ws.mln.nih.gov/rest/content/2018AA/AUI/A26884340
2909744690,https://uts-ws.mln.nih.gov/rest/content/2018AA/AUI/A20756141
2909156385,https://uts-ws.mln.nih.gov/rest/content/2018AA/AUI/A28098177
2779777117,http://en.wikipedia.org/wiki/Scapula
2910286165,https://uts-ws.mln.nih.gov/rest/content/2018AA/AUI/A20504008
2909766660,https://uts-ws.mln.nih.gov/rest/content/2018AA/AUI/A2787633
2909358029,https://uts-ws.mln.nih.gov/rest/content/2018AA/AUI/A24539829
2910568703,http://psychology.wikia.com/wiki/Visual_impairment
2909273448,https://uts-ws.mln.nih.gov/rest/content/2018AA/AUI/A24423223
2909657956,https://uts-ws.mln.nih.gov/rest/content/2018AA/AUI/A7116603
2910599929,https://uts-ws.mln.nih.gov/rest/content/2018AA/AUI/A19197488
2909264780,https://uts-ws.mln.nih.gov/rest/content/2018AA/AUI/A18647155
2910188501,https://uts-ws.mln.nih.gov/rest/content/2018AA/AUI/A11587092
2909831646,https://uts-ws.mln.nih.gov/rest/content/2018AA/AUI/A25697628
2910502956,https://uts-ws.mln.nih.gov/rest/content/2018AA/AUI/A17920599
2780138522,http://en.wikipedia.org/wiki/Critical_medical_anthropology
2910785187,https://uts-ws.mln.nih.gov/rest/content/2018AA/AUI/A2165895
2908871578,https://uts-ws.mln.nih.gov/rest/content/2018AA/AUI/A8605538
2910942640,https://uts-ws.mln.nih.gov/rest/content/2018AA/AUI/A20041847
2910925764,https://uts-ws.mln.nih.gov/rest/content/2018AA/AUI/A1565695
2780396935,http://en.wikipedia.org/wiki/Halpern–Läuchli_theorem
2908542624,https://uts-ws.mln.nih.gov/rest/content/2018AA/AUI/A10814337
2910839411,https://uts-ws.mln.nih.gov/rest/content/2018AA/AUI/A26619781
2910040240,https://uts-ws.mln.nih.gov/rest/content/2018AA/AUI/A26614012
2780083056,http://en.wikipedia.org/wiki/Glyclopyramide
2911100207,https://uts-ws.mln.nih.gov/rest/content/2018AA/AUI/A28401192
2911121444,https://uts-ws.mln.nih.gov/rest/content/2018AA/AUI/A1984144
2778821113,http://en.wikipedia.org/wiki/CCK-4
2775983024,http://en.wikipedia.org/wiki/Prolymphocytic_leukemia
2908539196,https://uts-ws.mln.nih.gov/rest/content/2018AA/AUI/A3050686
2909121400,https://uts-ws.mln.nih.gov/rest/content/2018AA/AUI/A11622541
2909939417,https://uts-ws.mln.nih.gov/rest/content/2018AA/AUI/A3648182
