entity_id,fos_list
2780317303,Biology:0.5_Geology:0.33_History:0.08_Geography:0.08
2909780435,Medicine:1.0
2908655481,-:0.0
3020147417,Medicine:1.0
2909077891,Medicine:0.5_Biology:0.5
2994197376,Biology:0.88_Geography:0.12
2910118034,Medicine:0.5_Biology:0.5
2908607322,Biology:0.5_Geology:0.5
2909192395,Medicine:0.5_Biology:0.5
2908747496,Biology:1.0
2781466880,-:0.0
2994546566,Computer science:1.0
2909253894,Biology:1.0
2910118299,-:0.0
2778799457,Biology:0.75_Chemistry:0.25
2908573415,Medicine:0.5_Biology:0.5
2909235236,Medicine:0.5_Biology:0.5
2911151577,-:0.0
2778181486,Psychology:0.25_Sociology:0.25_Political science:0.25_Business:0.25
2777378490,Biology:0.67_Medicine:0.33
2992901489,Materials science:0.37_Engineering:0.32_Physics:0.11_Chemistry:0.11_Political science:0.05_Biology:0.05
2910179689,Chemistry:0.44_Biology:0.38_Medicine:0.12_Engineering:0.06
2909834516,Medicine:0.5_Biology:0.5
2993887814,Materials science:0.5_Chemistry:0.21_Physics:0.08_Engineering:0.08_Medicine:0.04_Biology:0.04_Geography:0.04
2909755668,-:0.0
2910915911,Geology:0.67_Biology:0.33
2910613175,Medicine:1.0
2776976204,Computer science:0.5_Mathematics:0.5
2910008212,Medicine:0.5_Biology:0.5
2910352742,Philosophy:0.5_Art:0.5
2910313011,Biology:0.58_Medicine:0.32_Chemistry:0.11
2909540944,Medicine:0.5_Biology:0.5
2908959391,Chemistry:0.4_Physics:0.2_Medicine:0.2_Biology:0.2
10194927,Philosophy:0.4_Art:0.4_History:0.2
2776863635,Psychology:0.25_Sociology:0.25_Computer science:0.25_Medicine:0.25
2780861853,Engineering:0.33_Materials science:0.33_Chemistry:0.33
2909765722,Medicine:1.0
2910236562,-:0.0
2779715395,Biology:0.75_Geology:0.25
3020244057,Psychology:1.0
3018027120,Physics:1.0
2909715763,Biology:0.86_Geology:0.14
2992202359,Computer science:0.25_Economics:0.25_Engineering:0.25_Business:0.25
2780758983,Engineering:0.67_Political science:0.33
2992203592,Engineering:0.6_Computer science:0.2_Mathematics:0.2
2910944892,Biology:0.75_Chemistry:0.25
2776528577,Biology:0.5_Chemistry:0.17_Mathematics:0.17_Computer science:0.17
2908832245,Biology:1.0
2780411628,-:0.0
2910245534,-:0.0
2909476723,Biology:1.0
2910307277,-:0.0
2908901351,Biology:0.75_Chemistry:0.25
99288877,Biology:0.43_Chemistry:0.43_Physics:0.14
2777860597,Medicine:0.5_Biology:0.5
2910966063,Medicine:0.5_Biology:0.5
2909598513,-:0.0
2781376274,Biology:1.0
2910469575,-:0.0
2780236042,Biology:1.0
2778944087,Medicine:0.67_Biology:0.33
2908549965,Medicine:0.5_Biology:0.5
2909872178,Biology:1.0
2910077662,-:0.0
2775977816,Economics:1.0
2909295241,Biology:1.0
2776517814,-:0.0
2908896422,Medicine:0.75_Biology:0.25
2779616699,Biology:0.57_Chemistry:0.33_Physics:0.05_Medicine:0.05
2908725105,-:0.0
2986871338,Physics:0.67_Mathematics:0.33
2777697960,Computer science:0.58_Mathematics:0.17_Physics:0.17_Engineering:0.08
2909897114,Biology:1.0
2911080076,Biology:0.25_Materials science:0.25_Chemistry:0.25_Medicine:0.25
2777407738,-:0.0
2779217906,Physics:0.67_Materials science:0.22_Political science:0.11
2910695068,Medicine:0.86_Biology:0.14
2908666856,Biology:0.5_Psychology:0.25_Sociology:0.25
2776313021,Medicine:0.5_Biology:0.5
17738144,Business:0.5_Economics:0.5
2908577992,Medicine:0.5_Biology:0.5
2781461822,Chemistry:0.67_Engineering:0.33
2777285968,Medicine:0.5_Biology:0.5
2909019930,Medicine:0.67_Biology:0.33
2778257046,-:0.0
2909832440,-:0.0
2910644537,-:0.0
2909187919,Biology:1.0
2985243306,Engineering:0.67_Political science:0.33
2776719521,Philosophy:0.5_Art:0.25_Geography:0.25
2910051108,Medicine:0.5_Biology:0.5
2911028019,Chemistry:1.0
2910635944,-:0.0
2911048332,Medicine:0.86_Biology:0.14
2779920957,Biology:0.62_Medicine:0.25_Chemistry:0.12
2776237978,-:0.0
102513296,Computer science:0.43_Biology:0.29_Engineering:0.14_Chemistry:0.14
2909339004,-:0.0
2908698668,Medicine:0.5_Biology:0.5
2909516009,Biology:0.62_Chemistry:0.21_Medicine:0.17
3019064940,Computer science:1.0
2910610664,Chemistry:0.83_Engineering:0.17
2910912974,Medicine:0.5_Biology:0.5
2776362945,Biology:0.5_Medicine:0.25_Psychology:0.25
2909619222,Medicine:0.5_Biology:0.5
2909089291,-:0.0
2777781039,Engineering:0.67_Political science:0.33
2909017778,-:0.0
2780980206,Medicine:0.5_Biology:0.5
2908971244,Computer science:1.0
2909389667,Biology:1.0
3018560493,Biology:0.75_Chemistry:0.25
2780807805,Biology:1.0
2780096361,Biology:1.0
2993671587,Geology:0.33_Geography:0.22_Philosophy:0.11_History:0.11_Physics:0.11_Biology:0.11
2910894830,Mathematics:1.0
2984358308,Mathematics:0.5_Computer science:0.25_Physics:0.25
2909986988,Biology:1.0
2908549158,Psychology:0.67_Medicine:0.33
2908534533,-:0.0
2781113004,-:0.0
2909562340,Medicine:0.5_Biology:0.5
2776955662,-:0.0
2776041911,Biology:1.0
2777588657,Biology:0.57_Chemistry:0.29_Medicine:0.14
2908727509,Biology:1.0
3020136315,Medicine:1.0
2910386185,Biology:1.0
2909523058,-:0.0
2781004657,Psychology:0.33_Sociology:0.33_Biology:0.33
94314489,Mathematics:0.67_Engineering:0.33
2908528340,-:0.0
2984497686,Physics:0.27_Materials science:0.27_Chemistry:0.27_Engineering:0.13_Biology:0.07
2777857746,Chemistry:0.75_Biology:0.25
2909451871,-:0.0
2988101926,Engineering:0.75_Computer science:0.25
2909962857,Medicine:0.5_Biology:0.5
2910304361,Biology:1.0
2986880855,Engineering:0.5_Medicine:0.25_Political science:0.25
3018107608,Medicine:1.0
2910267589,Biology:0.67_Chemistry:0.17_Medicine:0.17
2909904907,-:0.0
2909748466,Biology:0.5_Environmental science:0.25_Geography:0.25
2982820051,-:0.0
190727270,Biology:0.67_Medicine:0.17_Chemistry:0.17
2909042280,Medicine:0.5_Biology:0.5
2909292184,Medicine:0.5_Biology:0.5
2909624608,Medicine:1.0
2910711537,-:0.0
2776426773,Biology:0.25_History:0.25_Geography:0.25_Economics:0.25
2910103063,-:0.0
2779852217,Computer science:0.75_Mathematics:0.25
2910646464,Medicine:0.5_Biology:0.5
2910576956,-:0.0
2910044952,-:0.0
2910214584,-:0.0
2992877989,Biology:0.7_Chemistry:0.2_Medicine:0.1
2909774510,Medicine:0.5_Biology:0.5
2777844407,Biology:0.67_Geology:0.33
2778002324,Computer science:1.0
148220186,Mathematics:0.5_Economics:0.5
2909702307,-:0.0
187204502,Physics:0.83_Computer science:0.17
2778279344,Medicine:0.5_Biology:0.5
2908713814,Medicine:0.5_Biology:0.5
2778272302,Biology:0.75_Geology:0.25
159607974,Geology:0.46_Biology:0.23_Philosophy:0.08_History:0.08_Geography:0.08_Psychology:0.08
2909585539,Philosophy:0.67_Political science:0.33
2911008002,Biology:0.75_Chemistry:0.25
2993360178,Engineering:0.73_Computer science:0.18_Economics:0.09
2908650789,Medicine:0.5_Biology:0.5
2778091077,Computer science:0.75_Engineering:0.25
2910961319,-:0.0
2910115887,Medicine:0.5_Biology:0.5
2781206205,Psychology:1.0
2778744917,Computer science:0.33_Engineering:0.33_Mathematics:0.33
2776619100,Biology:0.75_Chemistry:0.25
2778776799,-:0.0
2908839643,Medicine:0.5_Biology:0.5
2994102994,Mathematics:0.5_Computer science:0.38_Engineering:0.12
3019040707,Medicine:0.5_Biology:0.5
2776530733,Biology:0.75_Chemistry:0.25
2910609367,-:0.0
2780013264,-:0.0
2985516517,Computer science:1.0
2910084835,Medicine:1.0
2910508978,-:0.0
2993689616,Engineering:0.62_Mathematics:0.25_Computer science:0.12
2994298753,Mathematics:0.33_Computer science:0.33_Physics:0.33
2910783036,-:0.0
2780608754,Medicine:0.5_Biology:0.5
2908811982,-:0.0
2909792707,-:0.0
2909969087,Biology:1.0
2775845063,Medicine:0.5_Biology:0.5
2909878288,-:0.0
2910497239,Biology:0.67_Medicine:0.33
2911210282,Biology:1.0
96923144,Biology:0.62_Medicine:0.25_Chemistry:0.12
2781124683,-:0.0
2780911185,Biology:1.0
2777413484,Psychology:0.38_Biology:0.38_Medicine:0.25
2779210062,Biology:1.0
2909276027,Medicine:0.5_Biology:0.5
2778124594,Geology:0.67_Biology:0.33
3018363379,Engineering:1.0
2910839795,Biology:0.67_Medicine:0.22_Geology:0.11
2908668899,-:0.0
2993228407,Business:0.4_Economics:0.4_Engineering:0.2
2779730375,Engineering:0.33_Materials science:0.33_Chemistry:0.33
2779266027,-:0.0
2909530698,Medicine:0.38_Psychology:0.38_Biology:0.25
207318512,Geology:0.62_Biology:0.15_Geography:0.15_Physics:0.08
2910006797,-:0.0
2910924786,Biology:1.0
2910601242,Medicine:0.5_Biology:0.5
2908542001,Philosophy:0.4_Art:0.2_Medicine:0.2_Biology:0.2
2910827617,Medicine:0.67_Biology:0.33
2910835443,Medicine:0.5_Biology:0.5
2909891200,Medicine:0.5_Biology:0.5
2910358267,-:0.0
2776234656,Medicine:0.5_Biology:0.5
2910375298,Medicine:0.5_Biology:0.5
2778998659,Biology:1.0
2992837407,Medicine:0.5_Biology:0.5
2780346935,-:0.0
2910898577,Biology:1.0
2909661561,Medicine:0.5_Biology:0.5
2909383079,Biology:0.62_Medicine:0.23_Philosophy:0.08_Engineering:0.08
2780089105,Biology:1.0
2781038049,Medicine:0.5_Biology:0.5
2911006491,Biology:0.56_Medicine:0.44
2779627189,Biology:0.9_Environmental science:0.1
2780195191,History:0.25_Sociology:0.25_Economics:0.25_Political science:0.25
2909451592,-:0.0
2910063760,Biology:0.67_Chemistry:0.33
2910808283,-:0.0
2909032448,Chemistry:1.0
2778719976,Biology:1.0
2909558395,Biology:1.0
2911011307,Medicine:0.5_Biology:0.5
2908791402,Medicine:0.5_Biology:0.5
2909847890,-:0.0
2776812161,Medicine:0.5_Biology:0.5
2909480427,Biology:1.0
2910746351,-:0.0
2778223074,Engineering:0.5_Economics:0.5
2910673642,Biology:0.4_History:0.2_Art:0.2_Geography:0.1_Philosophy:0.1
3017450986,Chemistry:0.57_Biology:0.43
50385759,Chemistry:0.5_Materials science:0.5
2908934847,Biology:1.0
2908553895,Medicine:0.5_Biology:0.5
13762613,Chemistry:0.72_Physics:0.13_Biology:0.13_Medicine:0.02
2778059003,Biology:0.29_Materials science:0.29_Chemistry:0.29_Medicine:0.14
2776624327,Biology:0.6_Chemistry:0.2_Medicine:0.2
3017585957,Engineering:0.67_Political science:0.33
2910711323,-:0.0
2910803458,Medicine:0.5_Biology:0.5
2991810286,Mathematics:0.38_Engineering:0.38_Computer science:0.15_Physics:0.08
2778155522,Philosophy:0.5_Art:0.25_Economics:0.25
2777080238,Biology:0.75_Medicine:0.25
2909457009,Biology:0.69_Chemistry:0.31
2909457638,Biology:0.75_Chemistry:0.25
2910698476,Biology:0.5_Chemistry:0.5
2911203046,Medicine:0.5_Biology:0.5
2780128295,Medicine:0.5_Biology:0.5
2908954479,-:0.0
3020741052,-:0.0
2910956573,-:0.0
2910424535,-:0.0
2779358571,Biology:0.67_Medicine:0.17_Chemistry:0.17
2909443886,-:0.0
2908577102,Biology:0.5_Chemistry:0.33_Medicine:0.17
2909795298,-:0.0
2909625643,Medicine:0.5_Biology:0.5
2908547644,Biology:0.5_Chemistry:0.5
2780499067,Medicine:0.5_Biology:0.5
2778947240,Biology:0.91_Medicine:0.09
2778835800,Chemistry:0.36_Materials science:0.27_Geology:0.27_Engineering:0.09
2781402198,Biology:1.0
2910016724,Medicine:0.5_Biology:0.5
2908732682,Medicine:0.5_Biology:0.5
2991736767,Chemistry:0.67_Physics:0.33
2910335721,-:0.0
2777607605,Computer science:0.5_Political science:0.5
2908804604,Mathematics:0.25_Computer science:0.25_Engineering:0.25_Materials science:0.25
2909062108,-:0.0
2991840449,Medicine:0.5_Biology:0.5
2780165224,Geology:0.4_Engineering:0.4_Environmental science:0.2
2909408986,-:0.0
2910159923,Biology:0.6_Chemistry:0.3_Medicine:0.1
2910927153,-:0.0
2776384992,Computer science:0.44_Engineering:0.33_Physics:0.11_Mathematics:0.11
99936299,Engineering:0.5_Computer science:0.25_Physics:0.25
2910659408,-:0.0
3017764225,Materials science:1.0
2909262520,-:0.0
2908540282,-:0.0
3020330655,Materials science:0.5_Physics:0.25_Chemistry:0.25
2992622564,Medicine:0.5_Biology:0.5
2909450564,Medicine:0.5_Biology:0.5
2909596686,-:0.0
2909162741,Medicine:0.5_Biology:0.5
2910541409,-:0.0
2910461703,Chemistry:1.0
2776022429,Geology:1.0
144348335,Sociology:0.67_History:0.33
2777204577,Medicine:0.5_Biology:0.5
2908695113,Medicine:0.5_Biology:0.5
2908571424,Biology:0.75_Geology:0.25
2992844032,Medicine:0.5_Biology:0.25_Psychology:0.25
2908884176,Physics:1.0
2777534754,Biology:0.75_Geology:0.25
2909779898,Biology:0.75_Chemistry:0.25
187558996,Medicine:0.5_Biology:0.5
2908946451,Medicine:0.33_Computer science:0.33_Engineering:0.33
2909197147,Biology:0.73_Chemistry:0.23_Medicine:0.04
2911100436,Medicine:0.5_Biology:0.5
2908629463,Medicine:0.5_Biology:0.5
2911142725,Medicine:1.0
2910091572,Biology:0.52_Chemistry:0.42_Medicine:0.06
2909752376,Medicine:0.5_Biology:0.5
2779313290,Medicine:0.5_Biology:0.5
2909109481,-:0.0
2910786860,Biology:0.5_Chemistry:0.5
2909095511,-:0.0
2909828892,-:0.0
2780914681,Chemistry:0.59_Engineering:0.12_Materials science:0.12_Geology:0.06_Biology:0.06_Physics:0.06
2780622356,Medicine:0.5_Biology:0.5
2908968312,-:0.0
2908935035,Medicine:0.5_Biology:0.5
2909943582,-:0.0
2910407147,Medicine:0.5_Biology:0.5
2908783846,Biology:1.0
2911173414,Chemistry:0.5_Physics:0.17_Art:0.17_Biology:0.17
2910204188,-:0.0
91855553,Art:0.33_Computer science:0.33_Political science:0.33
2908569860,Chemistry:1.0
2909024586,-:0.0
2909223189,Medicine:0.5_Biology:0.5
2910963714,Medicine:0.5_Biology:0.5
2987209256,Mathematics:0.64_Computer science:0.27_Engineering:0.09
2908812827,Biology:1.0
2910531851,-:0.0
2908894453,Biology:1.0
2910964385,Medicine:0.5_Biology:0.5
3020049048,Medicine:0.5_Biology:0.5
2992225127,Medicine:1.0
2781053317,Computer science:1.0
2910225659,Medicine:0.5_Biology:0.5
2910068704,-:0.0
2908676602,Medicine:0.86_Biology:0.14
2909944246,Biology:1.0
2911064266,Physics:0.36_Materials science:0.29_Chemistry:0.14_Engineering:0.14_Political science:0.07
2908986925,Biology:0.59_Medicine:0.36_Chemistry:0.05
2779361543,Economics:0.75_Business:0.25
2910314999,Computer science:0.33_Medicine:0.33_Physics:0.33
2911155426,-:0.0
3019324219,Medicine:0.5_Biology:0.5
2909893059,Biology:0.75_Chemistry:0.25
2910033841,-:0.0
2909005284,-:0.0
2778167297,Biology:0.75_Chemistry:0.25
2777693668,Computer science:0.75_Mathematics:0.25
2778195964,Biology:0.67_Geology:0.33
133755612,Engineering:1.0
2911153501,Biology:1.0
2909622510,Biology:0.62_Medicine:0.25_Chemistry:0.12
2910734751,-:0.0
2910457013,-:0.0
2911225004,Medicine:0.5_Biology:0.5
2909106215,-:0.0
2909991934,Biology:0.6_Chemistry:0.2_Medicine:0.2
2908882335,-:0.0
2777834820,Biology:1.0
2909195281,-:0.0
6387636,Computer science:0.6_Engineering:0.4
2911141396,-:0.0
2909510401,-:0.0
2908574356,-:0.0
2779525300,Chemistry:1.0
2992692240,Psychology:1.0
3020533443,-:0.0
2910669729,Biology:0.5_Chemistry:0.25_Medicine:0.25
2778940446,Biology:0.5_Economics:0.25_Medicine:0.25
2908562051,-:0.0
2910220514,Biology:1.0
2908906332,Computer science:0.43_Engineering:0.29_Physics:0.14_Political science:0.14
2910233292,Medicine:0.5_Biology:0.5
169851745,Computer science:1.0
3018498045,Biology:0.5_Chemistry:0.5
2779724442,Biology:0.75_Chemistry:0.25
2993508324,Medicine:0.5_Biology:0.5
2910540130,Biology:1.0
2775964013,Biology:0.75_Chemistry:0.25
2908849877,Biology:1.0
2778365974,Geology:0.67_Biology:0.33
2909959699,-:0.0
2780957641,Sociology:0.5_Philosophy:0.5
2993665000,Physics:0.43_Materials science:0.29_Engineering:0.14_Geography:0.14
2910890031,Medicine:0.5_Biology:0.5
3020333154,Medicine:0.5_Biology:0.5
2908738575,-:0.0
2909439682,-:0.0
31820054,Medicine:0.5_Biology:0.5
2909360779,Biology:0.5_Chemistry:0.33_Medicine:0.17
2909760109,Medicine:0.5_Biology:0.5
2778474981,Medicine:0.5_Biology:0.5
2986363665,Computer science:1.0
2780325624,Biology:0.69_Chemistry:0.19_Medicine:0.12
2910118808,-:0.0
2910627903,-:0.0
2909291202,Biology:1.0
2911111274,Biology:0.33_Materials science:0.33_Chemistry:0.33
2908658702,-:0.0
2778030860,Psychology:0.5_Biology:0.5
2777685760,Geology:0.67_Biology:0.33
2908951082,Biology:0.69_Chemistry:0.19_Medicine:0.12
2910841559,Biology:0.6_Computer science:0.4
2909139581,-:0.0
2910231915,-:0.0
2909987843,Biology:1.0
2781159826,Physics:0.24_Geology:0.18_Geography:0.18_Engineering:0.18_Mathematics:0.06_Philosophy:0.06_Art:0.06_Biology:0.06
2777760223,Biology:0.59_Medicine:0.33_Chemistry:0.07
2909916112,Medicine:0.67_Biology:0.33
2910009792,Chemistry:1.0
2909132284,Biology:0.64_Medicine:0.27_Chemistry:0.09
2909508630,Medicine:0.5_Biology:0.5
2776863826,Biology:0.78_Geography:0.22
2909510259,-:0.0
3018498327,-:0.0
2777078830,Computer science:1.0
2776003124,Physics:0.33_Mathematics:0.33_Chemistry:0.17_Materials science:0.17
2779096173,Psychology:0.33_Medicine:0.33_Chemistry:0.33
2910375881,Biology:0.5_Geography:0.5
2909026491,Biology:1.0
3020080626,Medicine:1.0
2993984902,Chemistry:0.5_Biology:0.25_Physics:0.25
2908686017,Biology:0.5_Chemistry:0.36_Medicine:0.14
2778966437,Biology:0.33_Geology:0.33_Engineering:0.33
2909060446,-:0.0
2777950168,-:0.0
2779523701,-:0.0
3020005236,Medicine:0.5_Biology:0.5
2779161064,Medicine:0.5_Biology:0.5
2908821064,Biology:0.5_Chemistry:0.3_Medicine:0.2
2911218228,Medicine:0.5_Biology:0.5
115842085,Computer science:0.69_Psychology:0.15_Philosophy:0.08_Art:0.08
2908945945,Biology:0.57_Chemistry:0.43
2994113119,Physics:0.56_Engineering:0.33_Materials science:0.11
2910746740,Medicine:0.5_Biology:0.5
14641988,Geology:0.6_Engineering:0.4
2911091086,Medicine:0.5_Biology:0.5
2910360294,-:0.0
2909260655,-:0.0
3018201436,Medicine:0.5_Biology:0.5
2988919154,Computer science:0.67_Engineering:0.33
2910135234,Biology:0.52_Medicine:0.43_Chemistry:0.05
2910919927,-:0.0
167002459,Economics:0.5_Engineering:0.25_Business:0.25
130720137,Biology:1.0
2992709865,Engineering:0.67_Political science:0.33
2911197564,-:0.0
66690126,Engineering:0.67_Political science:0.33
2909771249,Biology:0.6_Medicine:0.2_Chemistry:0.2
2908685085,Biology:0.5_Medicine:0.4_Chemistry:0.1
2780103025,Medicine:0.5_Biology:0.5
2910743678,-:0.0
2778944860,-:0.0
2909481045,-:0.0
2909944607,Medicine:0.5_Biology:0.5
2908891773,-:0.0
195277927,Psychology:0.4_Sociology:0.2_Mathematics:0.2_Medicine:0.2
2779617201,Computer science:1.0
2909487959,Physics:0.67_Materials science:0.33
2776882490,Biology:0.75_Geology:0.15_Medicine:0.1
2779418313,-:0.0
2992786189,Engineering:0.67_Materials science:0.33
2910507507,-:0.0
2910120458,Biology:0.67_Geography:0.33
202112998,Engineering:0.67_Political science:0.33
2776815310,Biology:1.0
2778619524,Chemistry:0.75_Biology:0.25
2993004913,Biology:0.44_Chemistry:0.22_Medicine:0.19_Engineering:0.06_Materials science:0.06_Physics:0.03
2909072114,Medicine:0.5_Biology:0.5
2776653205,Chemistry:0.71_Engineering:0.14_Materials science:0.14
2909837387,-:0.0
2778558963,Medicine:0.5_Biology:0.33_Psychology:0.17
2908783177,Medicine:0.5_Biology:0.5
2909278272,-:0.0
2909757486,Biology:1.0
2910321015,Biology:1.0
2908669941,Medicine:0.5_Biology:0.5
137096054,Physics:0.5_Biology:0.25_Geology:0.25
2781263437,Biology:0.67_Medicine:0.33
2909516843,-:0.0
2777805937,Computer science:1.0
2910838688,Medicine:0.5_Biology:0.5
86040059,Physics:1.0
2910418124,Biology:0.75_Chemistry:0.25
2908823765,-:0.0
2779729865,Mathematics:1.0
2910894435,Medicine:0.5_Biology:0.5
2910143850,Biology:0.67_Chemistry:0.17_Medicine:0.17
2910080164,-:0.0
2779387294,Engineering:0.67_Political science:0.33
2910978977,Mathematics:0.33_Engineering:0.33_Economics:0.33
2910838206,-:0.0
37692320,Medicine:0.67_Psychology:0.33
3020363129,Medicine:0.5_Biology:0.5
2909942053,Biology:0.62_Chemistry:0.25_Medicine:0.12
2910120487,Chemistry:0.67_Materials science:0.33
2775870960,Computer science:1.0
2777094654,Biology:0.5_Geology:0.5
2911205753,-:0.0
2909766826,Biology:0.75_Chemistry:0.25
2779057678,Biology:0.67_Geology:0.33
2779698405,Mathematics:1.0
2909075205,Medicine:0.5_Biology:0.5
166047926,Psychology:0.75_Medicine:0.25
2911221041,-:0.0
2910679371,-:0.0
2911057143,Medicine:0.5_Biology:0.5
2909963371,-:0.0
2777310530,Mathematics:0.5_Medicine:0.5
2909915447,Medicine:0.5_Biology:0.5
2908630022,Medicine:0.5_Biology:0.5
24169984,Computer science:1.0
2993750075,Mathematics:0.53_Computer science:0.41_Engineering:0.06
2908834700,Medicine:0.5_Biology:0.5
2911067253,-:0.0
3017685667,Medicine:1.0
2910740700,Biology:0.33_Materials science:0.33_Chemistry:0.33
2778621076,Biology:1.0
2778471013,Physics:0.33_Philosophy:0.33_Art:0.33
2909327570,Medicine:0.67_Biology:0.33
2776417848,Biology:0.5_Medicine:0.25_Geology:0.25
2984111514,Engineering:0.67_Political science:0.33
2780783691,Biology:0.75_Chemistry:0.25
2910521586,Biology:0.56_Chemistry:0.44
2779703034,Computer science:0.5_Engineering:0.5
2909124190,Computer science:0.83_Mathematics:0.17
2992831150,Biology:1.0
2779680170,Chemistry:1.0
2909194544,Medicine:0.5_Biology:0.5
2910498647,Chemistry:0.5_Biology:0.25_Physics:0.12_Medicine:0.12
2776082078,Biology:1.0
2777139713,Biology:0.75_Medicine:0.25
2908542564,Biology:0.62_Chemistry:0.27_Physics:0.07_Medicine:0.04
2779909843,Computer science:1.0
2909707006,-:0.0
2909545390,Biology:0.64_Medicine:0.21_Chemistry:0.14
2909683769,Biology:0.67_Geology:0.33
2909271370,-:0.0
2911083097,Medicine:0.75_Biology:0.25
2909418446,Medicine:1.0
2908862600,Engineering:0.67_Political science:0.33
2910178465,Medicine:0.5_Biology:0.5
2776115623,Chemistry:0.67_Materials science:0.33
118210288,Physics:1.0
3020274161,Biology:0.6_Chemistry:0.2_Medicine:0.2
2909447842,-:0.0
2908730618,-:0.0
2779991623,Biology:0.67_Geology:0.33
2909548522,-:0.0
2909315436,-:0.0
2909047444,Medicine:0.5_Biology:0.5
2987889152,Mathematics:1.0
2780366145,Physics:0.83_Materials science:0.17
2777290944,Biology:1.0
2910318864,Medicine:0.5_Biology:0.5
2909302939,-:0.0
2910062239,-:0.0
2777241580,Computer science:1.0
2908548704,Medicine:0.5_Biology:0.5
2909814542,-:0.0
2776507923,-:0.0
2777924464,Biology:0.64_Chemistry:0.31_Physics:0.06
3018407292,Medicine:0.5_Biology:0.5
2909393153,-:0.0
87463083,Physics:0.5_Art:0.5
2781455918,Philosophy:0.5_Computer science:0.5
2910386181,Medicine:0.5_Biology:0.5
2908800142,Medicine:0.5_Biology:0.5
2909212720,-:0.0
2909320933,Biology:1.0
2910553314,Biology:0.56_Medicine:0.33_Chemistry:0.11
2777886181,Chemistry:0.55_Biology:0.36_Engineering:0.09
2777426309,Biology:0.83_Geology:0.17
188947578,Medicine:1.0
2910533225,-:0.0
2911178926,-:0.0
2910900965,Biology:0.5_Chemistry:0.5
2989455836,Engineering:0.5_Physics:0.33_Materials science:0.17
2909698684,Chemistry:0.75_Biology:0.25
63802530,Medicine:0.75_Biology:0.25
55350006,Mathematics:1.0
2776168746,Biology:1.0
2983331546,Medicine:0.5_Biology:0.5
2909131017,Engineering:0.33_Materials science:0.33_Chemistry:0.33
3018130395,Medicine:0.5_Biology:0.5
2911186515,-:0.0
2780278628,-:0.0
2778899755,-:0.0
3017392945,Medicine:0.5_Biology:0.5
2908988659,-:0.0
2909037843,-:0.0
2778286736,Biology:0.75_Chemistry:0.25
58663186,Mathematics:0.75_Computer science:0.25
2779099632,Biology:0.67_Geology:0.33
2909177454,-:0.0
48729370,Chemistry:0.5_Engineering:0.33_Physics:0.17
2776821451,Biology:0.5_Medicine:0.33_Psychology:0.17
3017594758,Medicine:0.5_Biology:0.5
2910863140,Biology:0.6_Medicine:0.4
520769784,Engineering:0.33_Psychology:0.33_Materials science:0.33
2910031754,Engineering:0.67_Political science:0.33
2993767896,Mathematics:1.0
2908773706,Engineering:0.67_Physics:0.33
2778606335,Biology:0.75_Geology:0.25
2780819817,Medicine:0.5_Biology:0.5
2908781774,-:0.0
2779531100,-:0.0
2909439820,Medicine:0.5_Biology:0.5
173409883,Materials science:0.58_Engineering:0.33_Chemistry:0.08
2909985224,-:0.0
2910455333,Medicine:0.5_Biology:0.5
2911003425,Biology:0.64_Chemistry:0.21_Medicine:0.14
2910246203,Medicine:0.5_Biology:0.5
3020061635,Medicine:0.5_Biology:0.5
203833370,Engineering:0.4_Computer science:0.2_History:0.2_Geography:0.2
2778918642,Biology:0.75_Geology:0.25
2780909026,Biology:0.67_Geology:0.33
2781326844,Biology:1.0
2909682313,Medicine:0.5_Biology:0.5
2909226221,Biology:0.86_Geology:0.14
2908558599,-:0.0
2778779315,-:0.0
2909046967,Medicine:0.5_Biology:0.5
2909479049,Biology:0.67_Chemistry:0.17_Medicine:0.17
2778736251,Biology:0.62_Medicine:0.24_Chemistry:0.14
2910413904,Medicine:0.5_Biology:0.5
2908603161,Biology:0.53_Medicine:0.47
2909224293,Medicine:0.5_Biology:0.25_Psychology:0.25
2778047236,Medicine:0.5_Biology:0.5
2909553158,-:0.0
2909394245,Biology:0.75_Medicine:0.25
2983581205,Computer science:0.75_Engineering:0.25
2909031636,Biology:0.6_Chemistry:0.36_Physics:0.04
2992171571,Medicine:0.5_Biology:0.5
2909357575,-:0.0
2908814185,Medicine:0.5_Biology:0.5
2910026540,Biology:1.0
3017558741,Medicine:0.5_Biology:0.5
2908567254,-:0.0
2908815637,Medicine:0.5_Biology:0.5
2908555154,Medicine:0.5_Biology:0.5
2909054740,Medicine:0.5_Biology:0.5
2911162281,Biology:0.67_Geology:0.33
2910027547,-:0.0
2909163639,Medicine:0.5_Biology:0.5
2911137523,-:0.0
2779905453,Biology:0.75_Medicine:0.25
2992468108,Physics:0.33_Computer science:0.33_Engineering:0.33
2909418240,Engineering:1.0
2780851986,Biology:0.67_Medicine:0.33
2991681903,Physics:0.44_Geography:0.22_Computer science:0.22_Political science:0.11
2910449359,-:0.0
2908712536,Medicine:0.5_Biology:0.5
2910354918,-:0.0
2909988661,Biology:1.0
2781392746,Biology:0.8_Geography:0.2
2776231411,-:0.0
2910409012,-:0.0
2776949588,Physics:0.58_Mathematics:0.25_Geology:0.08_Geography:0.08
2776782182,-:0.0
2909685873,Biology:0.67_Medicine:0.33
2776599950,Chemistry:0.6_Physics:0.2_Biology:0.2
2910848281,-:0.0
2994430024,Materials science:1.0
2910672517,-:0.0
2776118087,-:0.0
2908983740,Medicine:0.7_Biology:0.3
3018317922,Biology:0.75_Chemistry:0.25
2909965174,-:0.0
2909016721,Mathematics:0.5_Computer science:0.5
2909952850,-:0.0
2910294636,Biology:0.6_Medicine:0.4
2909191855,Medicine:0.5_Biology:0.5
2909977556,Biology:1.0
2779826577,Medicine:0.5_Biology:0.5
2911192643,Biology:1.0
2908723635,Biology:0.86_Geology:0.14
2909749822,-:0.0
2908755025,Biology:0.75_Chemistry:0.25
2780986492,Physics:0.3_Materials science:0.2_Engineering:0.2_Biology:0.2_Chemistry:0.1
2909204131,Engineering:0.67_Political science:0.33
184827183,Psychology:0.4_Sociology:0.2_Mathematics:0.2_Computer science:0.13_Medicine:0.07
2910244600,-:0.0
2908562158,-:0.0
2910379017,-:0.0
2909959985,-:0.0
2779006894,Biology:0.75_Geology:0.25
2909560683,Biology:0.44_Medicine:0.33_Chemistry:0.11_Psychology:0.11
2910197756,Chemistry:0.75_Biology:0.25
2908567722,-:0.0
2778341085,-:0.0
2908832389,Medicine:0.43_Engineering:0.29_Biology:0.14_Political science:0.14
2910284343,-:0.0
3018775734,-:0.0
2908584157,-:0.0
2777894721,Mathematics:0.5_Philosophy:0.25_Art:0.25
2909623442,Biology:0.67_Geography:0.33
2910439189,Biology:1.0
2779834810,Biology:1.0
2910957719,-:0.0
2910714440,Biology:0.75_Chemistry:0.25
2908589005,Biology:0.5_Chemistry:0.5
2778191351,Biology:1.0
2780660064,Biology:0.5_Chemistry:0.25_Medicine:0.25
2909884020,Medicine:0.5_Biology:0.5
2909487413,-:0.0
2780545255,Medicine:0.5_Economics:0.25_Sociology:0.12_Political science:0.12
2910863798,-:0.0
207060392,Physics:0.5_Computer science:0.3_Mathematics:0.1_Engineering:0.1
2908615504,-:0.0
2908996623,-:0.0
2910686408,-:0.0
2910064504,-:0.0
2910858900,Medicine:0.5_Biology:0.5
2778217719,Biology:0.5_Chemistry:0.5
2993827214,Medicine:0.5_Biology:0.5
2909513953,-:0.0
2908945642,-:0.0
2909261628,Biology:0.4_Physics:0.2_Art:0.2_Geography:0.2
2909196820,Biology:0.61_Geology:0.17_Engineering:0.11_Political science:0.06_Medicine:0.06
2909417095,-:0.0
2911216015,-:0.0
2908830005,-:0.0
2993125946,-:0.0
